"CountriesofInterest","RatioofDeathtoPopulation","LockdownLevel"
"India",0.000804307847631259,"Strict"
"Singapore",0.000416672214330315,"Strict"
"Italy",0.0613392921471193,"Strict"
"New Zealand",0.00045164433950484,"Strict"
"South Africa",0.00306172656720235,"Strict"
"Netherlands",0.0363044309194084,"Strict"
"Canada",0.0185073273768554,"Moderate"
"Poland",0.00311893032777733,"Moderate"
"Austria",0.00791870674951341,"Moderate"
"United Kingdom",0.0588355567253341,"Moderate"
"Malaysia",0.000399883305967948,"Moderate"
"Czechia",0.00311449793936624,"Moderate"
"Sweden",0.0444018451404631,"None"
"Japan",0.000676851079203245,"None"
"South Korea",0.000653665679238462,"None"
"Taiwan",3.52580166971054e-05,"None"
"Tajikstan",0.000408949464709698,"None"
"Brazil",0.0185038870936953,"None"
