"lockdown.policy","RI.value"
"None/Minimal",1.84415363864437
"None/Minimal",3.06473176685554
"None/Minimal",3.26837511146857
"None/Minimal",4.61314896349357
"None/Minimal",2.92310331725264
"None/Minimal",1.57605752101845
"Intermediate",2.14747766327375
"Intermediate",1.82361204573223
"Intermediate",2.96456241342731
"Intermediate",1.74781506113611
"Intermediate",2.89985086425858
"Intermediate",1.40563634143571
"Strict/Full",2.20579846578232
"Strict/Full",2.0032489152257
"Strict/Full",1.79931543288414
"Strict/Full",3.48651604329574
"Strict/Full",1.90702677038544
"Strict/Full",1.6131895494605
