"lockdown.policy","RI.value"
"None/Minimal",2.05041446724469
"None/Minimal",3.21280563473022
"None/Minimal",3.45660974662913
"None/Minimal",4.81786838652335
"None/Minimal",3.18265734182815
"None/Minimal",1.70263060755098
"Intermediate",2.31461668518439
"Intermediate",2.02974895654609
"Intermediate",3.1939264837889
"Intermediate",1.9513643833217
"Intermediate",3.11451082914617
"Intermediate",1.52362145179017
"Strict/Full",2.32687493829526
"Strict/Full",2.20842330204154
"Strict/Full",2.01785590344296
"Strict/Full",3.70952018666933
"Strict/Full",2.05803773689622
"Strict/Full",1.77627354300671
